author_id,text,geo,created_at,retweets,replies,likes,quote_count
14883450,"I'm at Hammersmith London Underground Station (Circle and H&amp;C lines) - @tfl in London, Greater London https://t.co/gUjRntz8wr","{'coordinates': {'type': 'Point', 'coordinates': [-0.22497221, 51.49382405]}, 'place_id': '09ba692cbddfc92c'}",2021-12-08 11:37:48+00:00,0,0,0,0
377599566,I just bought a Cramps shirt from H&amp;M??? https://t.co/4BJ3YEY6Ga,{'place_id': 'b0b79caecef59fb5'},2021-12-08 05:34:49+00:00,0,0,0,0
1019492587466514432,"family wanna know what a want for Christmas : A CHECCCKKKK , like please save the H&amp;M sweaters granny",{'place_id': 'bd7c511e9f8bc5da'},2021-12-08 05:34:06+00:00,1,0,6,0
1404545231777841152,Gone for Small slim fit H&amp;M as my XS Primark was in the wash. Quick spray of the free samples of aftershave air hostesses gonna be all over me now Come on England https://t.co/Ie0bqRZjHJ,{'place_id': '07d9e38780486002'},2021-12-08 05:14:45+00:00,11,11,470,1
1030933334,I just wanna thank @HERMusicx for putting #Vallejo on the map.  we have H.E.R and @E40 and I'm super proud of that. #707 #BayArea #PeoplesChoiceAwards https://t.co/cAZePBPj2W,{'place_id': '014c62f13e953863'},2021-12-08 03:15:56+00:00,0,2,1,0
996137849618563072,"#TheRiver #PullUpBars #TownCenterPark&gt; On a muggy, foggy Sunday morning a horde of PAX did their civic duty and posted at our AO to help install the pull-up  bars. Final touches and a plaque to commemorate the gift to TCP from the H.I.M. of F3Kingwood yet to come. https://t.co/aXdA46gizW",{'place_id': '07d9dbf025882000'},2021-12-08 01:25:48+00:00,1,0,2,0
1435041813849681923,@BaronessBruck Now I know why I was kicked off u tube! H&amp;M in bed with u tube execs! I will admit I was open with my opinion that I didn't like the couple. I thought they were scammers 3 yrs ago and I still do! Free speech taken down by goggle/MM&amp;HAIRBALL,{'place_id': 'bc3a38d3d5999b4b'},2021-12-08 01:03:56+00:00,1,0,7,0
26092715,"H y b e took down my whole vlog  I wasn’t even the whole concert just clips. And my past concert vlogs are still good. And I’m a little channel like maybe 20 views ppl with 10,000 their vlogs are still up",{'place_id': 'b97feecd19456851'},2021-12-08 00:52:25+00:00,0,0,0,0
49848433,I’m deliciously beefy h* said and tasted ,{'place_id': '015d19216c749864'},2021-12-08 00:44:02+00:00,0,0,0,0
928260889031200773,Why have Father it sabotage i asking me that man i had to marry that asshole from H&amp;M,{'place_id': 'dfe528673a3ca33e'},2021-12-08 00:24:19+00:00,0,0,0,0
1343442734011465730,"@PensivePoet97 Bass Pro Shop , Nike , H&amp;M",{'place_id': 'e0060cda70f5f341'},2021-12-07 23:59:24+00:00,0,0,1,0
274136314,"Yo, I used to love me a cardigan!

This back when H&amp;M was first starting to pop in The States. 

They had cardigans galore all up and through that store .",{'place_id': '1d9a5370a355ab0c'},2021-12-07 23:21:04+00:00,3,3,62,1
221822702,H got referred to chums once when started to SH. The waiting list was 6 months and she tried to end it all before then so was then taken on by Camhs and given art therapy once a week! Feels like they’re repeating mistakes on my other daughter now and I’m hopeless to stop it!,{'place_id': '540a7b5f1d71abcd'},2021-12-07 22:28:53+00:00,0,1,2,0
1188478456662757385,"...it is impossible to react when in countryside,person/victim, is alone. Not possible against HIDDEN HIGH-TECH DEVICES. but all these""sciattone are organized,are hidden,are in GANG and with wi-fi share violence. It is H. 23 p.m , ""free TROGLODITE"" at fields tonight, fiorella. https://t.co/4hpwPQ3kNo",{'place_id': '67c85dc033f73420'},2021-12-07 22:10:38+00:00,0,0,0,0
1462548414714023939,"@evamisgo @ClaudiaBoleyn @JossMalone You are obviously ignorant of our country and culture 
Breathtakingly so
The only reason they have titles is because we afford a Monarchy 
The question is why do H&amp;M who have rejected the country and left want to be’Of Sussex’?",{'place_id': '3ba55ee536210b59'},2021-12-07 21:52:19+00:00,0,1,0,0
2968728022,"On 7th December 1944, H.M.C.S. Chambly was one of 38 vessels in convoy HX 322 that arrived in Derry/Londonderry from Newfoundland, Canada.

Read more:
https://t.co/qTC35Ncafj",{'place_id': '28679b23ed15b380'},2021-12-07 21:51:09+00:00,3,2,16,0
1462548414714023939,"@evamisgo @ClaudiaBoleyn @JossMalone You think you are making a point by referring to Royal Blood 
Obviously H will still be QE2 grandson 
Zara Phillips (Princess Annes daughter) is also a grandchild without a title 
H&amp;M have attacked the Monarchy and country, they are not ‘Of Sussex’
There use are  pitiful",{'place_id': '3ba55ee536210b59'},2021-12-07 21:44:44+00:00,0,1,0,0
24998756,@cherrypiejay H &amp; M for the dress. Merchant for the shoes. Pretty easily pleased me. ,{'place_id': '0064261b68b40574'},2021-12-07 21:16:04+00:00,0,0,2,0
155060252,"@HardyBlog @Stan_And_Ollie I’m glad you did, because I couldn’t figure out how to post it to the Blog head group, so I’m glad you did. 

I feel like I’m talking with two giants in the L&amp;H world - you Patrick and you Ross. Best wishes Gentlemen!!",{'place_id': '5101215341ea5931'},2021-12-07 21:02:03+00:00,0,0,3,0
166655924,"M U S T - H A V E  M A K E U P 
.
Check out our latest issue for the must-have makeup, skincare and holiday favourites on our wish list  https://t.co/b4rS5pN2GI",{'place_id': '3797791ff9c0e4c6'},2021-12-07 20:43:50+00:00,2,0,7,0
1429916500710895627,@hm H&amp;M  Ceek ,{'place_id': '386b6b968d1e0084'},2021-12-07 20:30:38+00:00,0,0,0,0
858474993096830976,"That’s bull$h!t. You know it, I know it and I’m sure many of trump’s uneducated morons know it.  Shame on you. Coward. https://t.co/mAPq3RlzSb",{'place_id': 'dd9c503d6c35364b'},2021-12-07 20:21:10+00:00,0,0,1,0
390277591,"We’re honored and proud to have XC have 13 names on this list. Congrats to E Cochrane, B Devenport, W McCullough, H Davidson, Jo. Johnson, P Mullins, M Lee, C Lee, J Sells, T Wooten, B App, J Anspaugh, and J Lyons! #FCXC #FCTF #TeamGriz https://t.co/BclfjdZhf4",{'place_id': '271351c1a7aca06e'},2021-12-07 17:02:19+00:00,0,0,12,0
1462339609245876228,@SomeshKumarIAS  sir my name is A.mahendar reddy my father h.m.w.s.s.b.lo job chesedu sir 21.05.2021 corona to death ayidu sir my daday A.mohan reddy sir please sir naku job eavadi sir apply chesanu sir kharithabad office lo unnav sir,{'place_id': '7a8b600fe5f170bc'},2021-12-07 15:27:06+00:00,0,0,0,0
39313993,@The_Tech_Lady @alicekeeler @helperbird @Screencastify @NiftyNef @texthelp @breicher @mrnesi @ourtechcoach @Principal_H @ShakeUpLearning  so heartbreaking.  I’m so sorry. Sending you love and strength Kim. ,{'place_id': '1d9a5370a355ab0c'},2021-12-07 15:01:02+00:00,0,0,0,0
110575004,"Vaccines at former H&amp;M store!

A Covid-19 vaccine clinic will be at the former H&amp;M store in the Cleveland Centre on Wednesday (Dec 8th).

No appointment required.
#BoroCovidChamps https://t.co/QzDN54dvUB",{'place_id': '2dc53e413a6cbcd8'},2021-12-07 13:25:36+00:00,5,0,4,0
1440321825032982532,@H_MitchellPhoto @KellDA Trump and his media company are the underpinnings of the next coup attempt. Nunes will be perfect. Our democratic republic is going away. Something else is coming. Nunes is part of the plan. I'm sure of it.,{'place_id': '1d9a5370a355ab0c'},2021-12-07 12:50:50+00:00,0,0,0,0
1148961659375038467,"C H R I S T M A S  H O U R S 
We shall be open for drinks and tapas (no tapas on Christmas Eve). New Years Eve, Tapas served till 8pm only. Last orders is at 7.30pm. We shall be closing at 10pm on New Years Eve
#christmashours
#themalthouseworksop 
#worksop
#bassetlaw
#notts https://t.co/9Wu07Yq60G",{'place_id': '043fef98385861c9'},2021-12-07 11:02:55+00:00,2,0,4,0
887677447893794820,"@CoachHenning75 Great advice Coach! On that note, I’d like to respectfully submit to you the following young man for your review and consideration for your school’s football program.
Sabian Hendricks, William M Raines H.S, FL.
DE/LB C/O 2022
GPA: 3.2 SAT 1110
HUDL: https://t.co/uf5HM0uEWf",{'place_id': '4ec01c9dbc693497'},2021-12-07 10:57:45+00:00,0,0,0,0
1432184045480419329,@ereditsh @R1_Adv @nbea_h @Aa_ban1 @Zar_43 @hRp__5 @emadman1 @R_M_alex21 @el_sabanas @Dr_GRA786 @nealhailey @tributeMads @JoseFlvioMatos1 @Nona07382913 @Drmughalazam @payal23645085 @notmyopinionbut @nunespereirabr @YonoSuy98140840 Just started following  you  I'm going through my profile and unfollowing  those who don't follow back made room to follow  others .making more soon,{'place_id': 'ffd9b96d46c01672'},2021-12-07 10:44:25+00:00,0,0,0,0
1228349192373985281,"@robertocazevedo @DrTedros @PepsiCo Try to h.i.m. I did then next mmr 
Acip norvitus Kiser  ge health and robotussien ? Promethazine 
Not strep thoughtful I do not adds up what is granted to improvement then see later  rbi https://t.co/Xbdg3Je5ww",{'place_id': '3af2a75dbeb10500'},2021-12-07 10:34:26+00:00,0,0,0,0
1476646866,i kinda wanna buy em chelsea boots sa H&amp;M ack,{'place_id': '0105407d71f53330'},2021-12-07 09:38:53+00:00,0,0,0,0
830229317682622464,"Hii @HyundaiIndia 
One of my friend has creta and mene uski car ka horn apni car m lagaya jo ki ap company fitted dete ho if this horn comes under the pressure horn to ap q de rhe ho or agar creta me ye challan ni h lagana to same horn kisi or car m q h plz answer my qus",{'place_id': '317fcc4b21a604d5'},2021-12-07 09:24:06+00:00,0,1,0,0
1428849533837062144,"@E_H_Carpenter My new district (after selling my house and moving downtown) is deep blue. I’m finally represented. 

But I won’t stop doing the work. Mission #1 is getting Beto into the governors mansion.",{'place_id': '3df4f427b5a60fea'},2021-12-07 08:48:48+00:00,0,0,1,0
1428849533837062144,"@E_H_Carpenter I dropped out the second time because I started getting threats of violence and worse against my family and me. 

I’m still going to work my butt off to get decent people elected. Many others will as well. 

But I won’t run again.",{'place_id': '3df4f427b5a60fea'},2021-12-07 08:47:14+00:00,0,1,0,0
1321049904198914049,@zimba305 @Mwebantu @HHichilema Aight aight. The reason I'm trying to confirm is coz what H.E. Mr. @HHichilema Said previously about the presidential jet and I am trying to find out if he changed his mind.,{'place_id': '01983bef79d0f0cf'},2021-12-07 08:12:21+00:00,0,1,0,0
1108623894364094464,"Fabulous! I'm so going to 
""H E Double Hockey Sticks""
Raised as a Methodist the word (****) was considered a bad word and wasn't allowed. I still don't know why. Ideas? https://t.co/q6YTozr3F0",{'place_id': 'cf9828599ad4ad7d'},2021-12-07 07:07:01+00:00,0,0,2,0
1458087339289362441,https://t.co/KP3hPYrvFW H&amp;M JOGGER AVAILABLE IN PAKISTAN  https://t.co/ss5gzTPywp,{'place_id': '01d28bd148962a5d'},2021-12-07 04:48:17+00:00,0,0,0,0
826842084544020481,"@BeaDobbratz @RoyaltyandLaw You're right, but I don't quite understand how # works or why it's noticed more? I've been # a lot tho !
I'm going to try reverse H&amp;M tagging to W&amp;C positive tagging? 
So instead of #Megxit  I can do... 
#WillWalksTheTalk
#CatwalkCate
#CoolCate
#CaringCate
#CambridgeUnited
 ?",{'place_id': '4393349f368f67a1'},2021-12-07 02:09:04+00:00,0,1,9,0
1280490721485692928,"@sonnetseven @OrvilleLloyd @tuppenybunch @FastCompany @BetterUp Yes they did. They thought they would keep their status as International Protected People 
That’s a diplomatic treaty 
So Canada was providing security until H&amp;M chose to leave the RF , their status changing so Canada withdrew",{'place_id': '3ba55ee536210b59'},2021-12-07 01:11:24+00:00,0,2,1,0
1280490721485692928,"@sonnetseven @OrvilleLloyd @tuppenybunch @FastCompany @BetterUp H&amp;M chose the date they wanted to leave!
https://t.co/mbwgzLTxTk",{'place_id': '3ba55ee536210b59'},2021-12-07 01:02:23+00:00,0,1,0,0
2224406504,"@drewlaing48 @CriticalRole @VoiceOfOBrien @Marisha_Ray @executivegoth @WillingBlam @LauraBaileyVO @samriegel @matthewmercer @TheVulcanSalute @spacaaay @helen_fr_h @fryzabelle @ScarlettMcNicol I'm just imagining going back to 2011 and saying""Hey, in 2021 D&amp;D is gonna be so popular that a group of players who people watch... yeah, oh that's commonplace in the future, anyway, they're going to be in a Variety photoshoot, and then people are gonna cosplay that shoot.""",{'place_id': '76394a9282b85d3e'},2021-12-06 23:28:00+00:00,0,4,52,0
436069050,"@manzoorsohail @Hammad_Azhar @iSupportPTI @PakPMO @KhaOmm @H_afiz8 @KhawarCh @ImranKhanPTI Economic Zone at a great Risk to life and Communist Idealogy.
@GulBukhari
@asmashirazi 
@OfficialDGISPR 
@shazbkhanzdaGEO 
@TalatHussain12 
@RehamKhan1 
@HamidMirPAK 
@AajKamranKhan 
@SaifanKhan 
@Hasan_m_qureshi 
@huma_mk 
@tahakhanjaved 
@FarhatullahB 
@Babarkj 
@sherryrehman",{'place_id': '01aadce76841e2c5'},2021-12-06 23:17:54+00:00,0,0,0,0
1051761874373697536,@apoorva_savant Very H&amp;M hah,{'place_id': '7929cea6bd5b32bd'},2021-12-06 22:40:47+00:00,0,0,0,0
95571992,"I’m slowly coming up for air.

For its 10th anniversary, I'm posting a version of the video/song that incorporates ""Everything is Broken"" videos from the past ten years.

And if you feel it, please do share. 

Happy Holidays,
H.P.

https://t.co/Z0MA4EB4iS",{'place_id': '5a110d312052166f'},2021-12-06 22:26:30+00:00,4,0,10,0
1029793559363416068,"How absolutely magical is this shop in #Chicago?! 

It’s like the holidays exploded inside and I’m am loving every minute! They have the most beautiful gifts from around the world too, esp France.

What’s your favorite festive shop for holiday gifts??

P.O.S.H., Chicago https://t.co/C2hapJnnB5",{'place_id': '1d9a5370a355ab0c'},2021-12-06 21:49:51+00:00,5,11,36,0
42722926,@louise_toal @JonExile @TrustTheDocUK @lobsterbane @platinummind @vonzipperuk @WeeScotsPoet @DrNewN @sueores @SWattsBand @somehappything @ExileMing @LukeMooreMusic @M_A_C_H_I_N_A_x @uncle_kid_music She says thanks and ‘done deal’.,{'place_id': 'f5d9845d07a82c46'},2021-12-06 21:39:59+00:00,0,0,3,0
86506756,"@J70JDV Nice Duette from H&amp;M. I had a Clipper, and always wanted to upgrade to a Duette #jealous",{'place_id': '33e4ae38c2c9e8d7'},2021-12-06 21:37:45+00:00,0,1,2,0
42722926,@louise_toal @JonExile @TrustTheDocUK @lobsterbane @platinummind @vonzipperuk @WeeScotsPoet @DrNewN @sueores @SWattsBand @somehappything @ExileMing @LukeMooreMusic @M_A_C_H_I_N_A_x @uncle_kid_music Porter wants you to know she is a girly girl and still growing. ,{'place_id': 'f5d9845d07a82c46'},2021-12-06 21:32:58+00:00,0,1,3,0
42722926,@JonExile @louise_toal @TrustTheDocUK @lobsterbane @platinummind @vonzipperuk @WeeScotsPoet @DrNewN @sueores @SWattsBand @somehappything @ExileMing @LukeMooreMusic @M_A_C_H_I_N_A_x @uncle_kid_music Ok. I’m back at the house and you’re on the big speakers. Porter wants to know who is barking in the background. https://t.co/MCTNWHvgo6,{'place_id': 'f5d9845d07a82c46'},2021-12-06 21:28:27+00:00,0,1,5,0
95397149,Peter’s birthday @goldenrockinn. Thanks to Polly @polly.h.m annelise.nevis and Suzanne and Todd @sugarmillrealestatenevis @ Saint Kitts and Nevis https://t.co/vfIauvJe0h,"{'coordinates': {'type': 'Point', 'coordinates': [-62.7354, 17.3146]}, 'place_id': 'ce1899c5b27d0caa'}",2021-12-06 21:01:17+00:00,0,0,0,0
4909227384,I just found out you can bring in old clothes no matter the brand into H&amp;M to donate and get a 15% discount on your next purchase… they do that to reduce pollution. Like wowwwwwwww i love that concept,{'place_id': '1c69a67ad480e1b1'},2021-12-06 20:22:35+00:00,1,0,10,0
277397944,"Grand rising massive!  Greetings in the name of H.I.M. #HaileSelassieI

""Men will die in defense of principle; men will sacrifice their all rather than compromise themselves and renounce that which distinguishes them from the beast - their moral faculty!

#Rastafari #onelove https://t.co/jWBk45oD88",{'place_id': '01c060cf466c6ce3'},2021-12-06 20:06:18+00:00,5,0,7,0
1229857157883015168,"@Specters_art @ezekielartt @ReeceSwanepoel @AnaKim43939106 @Monathereum @Nektarios555 @AMugia @a_h_m_e_d8 @aurumskye @LauraDoodlesToo @Shroomstep @brushes_stunts @opensea @jilliansuzanneA @ArnondHnusorn @joy_quintas @JakeNordstrum @poon_eth @scottys_art @LesleyGrainger You would be the very first owner of bPolarARt. I would cry, literally!",{'place_id': '1d9a5370a355ab0c'},2021-12-06 19:31:29+00:00,0,0,5,0
35938511,@Carleighh_x3 HAHA I like felt bad for him as a fellow h*m*sexual but like his show didn't give what it was supposed to give,{'place_id': '002564726a89af1d'},2021-12-06 19:02:49+00:00,0,0,1,0
33344949,Just posted a photo @ H&amp;M https://t.co/ENP9RzVa7H,"{'place_id': '1a14511b3739606d', 'coordinates': {'type': 'Point', 'coordinates': [-16.91345141, 32.64665525]}}",2021-12-06 16:24:08+00:00,0,0,0,0
797408400313294848,"I'm loving my #HandM cosy socks so much I've bought them again, but wasn't impressed with having to sign into the app every time 
#shoppingstar #meadowhall https://t.co/i8g9G8bHVs",{'place_id': '07e9c7d1954fff64'},2021-12-06 15:53:28+00:00,0,0,0,0
965474324,"@BlueBayWarrio @archeohistories @h_e_r_b_e I like japan history, but as you say, I'm pragmatist. And I think the history, japanese or european, is more interesting without Hollywood fairy tales about best warriors with sharpest swords ",{'place_id': '01b59b3b46ef8ec7'},2021-12-06 15:23:12+00:00,0,1,2,0
300052419, O H M Y https://t.co/gxZfL2Dt8s,{'place_id': 'cddb718d9306e2f9'},2021-12-06 15:18:05+00:00,0,0,0,0
143456223,"@fbpe_h @NinaPinabudhabi @UKLabour @LibDems I'm very worried about our nation's future, and yes this is a scary totalitarian government.",{'place_id': '28efe4bb73fff781'},2021-12-06 15:00:33+00:00,0,1,6,0
1462548414714023939,"@Jennife61812688 @GreyLava @hellomag Get over yourself 
The Commonwealth countries are independent, act like it
Refuse our aid to your ‘countries’
It doesn’t mean obsess over the RF and taxpayer funded security 
Botswana citizens could scrape together and pay for  H&amp;M life in the US
You are pathetic",{'place_id': '0cbfb5dccb8131b8'},2021-12-06 13:13:34+00:00,0,1,0,0
1462548414714023939,"@Jennife61812688 @GreyLava @hellomag See you are an idiot and don’t understand so mind your own business 
Ask H&amp;M about the diplomatic convention they thought they were ENTITLED to 
C can’t overide that and make Canada or the US pay 
He gave them money and including a payment in the June
He is nearly 40",{'place_id': '0cbfb5dccb8131b8'},2021-12-06 12:09:03+00:00,0,2,0,0
200955669,"@HekwenPenken @21117Dimples I used to like the BM, but they’re too old fashioned, they use bigotry as if it’s the dungeon they built centuries ago. M and H so lucky to leave with their heads still on.",{'place_id': '00486f39ae8bd30d'},2021-12-06 11:56:43+00:00,0,0,1,0
3221681132,"I'm at H&amp;M HOME in Pathum Wan, Bangkok https://t.co/Fqn1tj8i5L","{'place_id': '00d26cc4400da18d', 'coordinates': {'type': 'Point', 'coordinates': [100.538539, 13.747586]}}",2021-12-06 09:00:53+00:00,0,0,0,0
18718703,"@icklenellierose @hm I have no ideer.

Seriously, though, even coming from H&amp;M’s home country, I can’t think of a way it makes sense. Nothing in Swedish parses.",{'place_id': 'd56c5babcffde8ef'},2021-12-06 08:53:28+00:00,0,0,2,0
2793465663,Why is there always at least ONE person on a flight that has to get up and do something unnecessary during takeoff or descent when they literally instruct you not to. It’s not that cold—your H&amp;M jacket can wait.,{'place_id': '3b77caf94bfc81fe'},2021-12-06 07:47:36+00:00,1,0,5,0
1229857157883015168,@RawGalleryNFT @Arte_Indigo @Monathereum @Nektarios555 @AMugia @a_h_m_e_d8 @aurumskye @LauraDoodlesToo @Shroomstep @brushes_stunts @KevinWPage @Ritalin_Child @SivilsAsh @indi_sulta @Manu_Stegui13 Somehow this piece keeps pooping up and every time I see it it makes me happy.,{'place_id': '1d9a5370a355ab0c'},2021-12-06 07:21:17+00:00,0,1,4,0
3943053807,"I'm so happy  I met
Travis Fimmel  @travisfimmel 
Alexander Ludwig  @alexanderludwig and
Alex Høgh Andersen  @alex_h_andersen
on @GermanComicCon
A dream came true!  Love them!   #msfighter #Vikings https://t.co/mElcIT75NM",{'place_id': '93d0f40e07440e63'},2021-12-06 00:31:58+00:00,0,0,6,0
554825448,@Galia @cyranope @seatentsina @dez_let @Starkat13 @gardenmensch @mechanimyn @Ellitrio @OrigamiBen @plaidfinch @HarmlessCrochet @notveryalice @ThatRobHuman @SafeModeIan @AmarisSkye @tender_ideas @h_m_m gonna keep liking these in the hopes I'll be free when I see one! have fun! ,{'place_id': 'e4a0d228eb6be76b'},2021-12-05 23:25:17+00:00,0,0,3,0
869856803189776385,"@Clay_57 Haha no, very basic red lacy g-string from H&amp;M, and no bra. I’m in the office today, no Hoe work ",{'place_id': '004ec16c62325149'},2021-12-05 23:03:48+00:00,0,1,1,0
177934397,@James_s_welsh I got my mum-in-law a really nice one from H&amp;M 2 years ago.. She loves it.,{'place_id': '714f0abeadde604f'},2021-12-05 21:45:17+00:00,0,0,0,0
421501437,"They are uncomfortable with my theory that there is a correlation between rich, white, powerful men and sexual predation. @Creative__Cha0s @CephissoJ @CarenleeB @ProdigalFanPage @golferone @SueFreitas6 @Mrbluemagoo @rareflower7 @__m__h__k__ @ihavejarlsberg @mtqueenbee https://t.co/sPPdlkGnAK",{'place_id': '910868722e1e4825'},2021-12-05 21:41:00+00:00,0,1,4,0
36546521,Yeah I’m not buying another thing outta H&amp;M,{'place_id': 'f87e333473584780'},2021-12-05 21:28:32+00:00,0,1,0,0
1427116413521563652,@a_h_m_e_d8 @iiinka_ @garyvee Stunning ,{'place_id': '33de55bc584a42ec'},2021-12-05 21:24:53+00:00,0,1,2,0
935776024586993664,Haha remembered when Octopus was going to hugged Jeff.. gem and her boyfriend.. they excluded her.. well Des gave octopus a side hug ..  bet he felt bad for her.. well I'm glad  his fatherusing H moto Tpwk..  I don't have words.,{'place_id': 'ee9d992aa12a6fa0'},2021-12-05 20:16:07+00:00,0,2,19,0
118564490,Shawty brother got shot in the head in H.S. And She was expecting the whole school to grieve for some racist wet back mice  looking Italian that glorified the N- word more than 6ix9. They both make a complete mockery out of Black Culture. IDGAF about you. I’m not a simp ,{'place_id': '011add077f4d2da3'},2021-12-05 20:09:59+00:00,0,0,0,0
1427640992237297667,"@Veronika_Lua @NegarFakhar @Lollypoopworld @ladan_ashaseh @TAYL0RWTF @poy @_GGDPs @Alirezaajafari @Saeed_Aliabadi @alirezancom @AlivisionA @amiraphist @a1111ac011d0 @cumhurburak @therebwar @raminafazeli @Maryjr1996 @Miladkia8 @fantarchi @nftchains @Dramaqueennft @nasimadesign @Farnazfalahat @nasibeh3 @AnnOwsiany @wildalps @nomadic_frame @a_h_m_e_d8 @lisamartinart @Kimiro74114607 @elenahicksi The Phoenix is a reminder that no matter how deep we fall, we can rise again, from the ashes. Reborn. 
https://t.co/GpjoGEaakw 
Inviting @vvribeiro_ and @mariinksarts https://t.co/i3t9rwnwhR",{'place_id': '37bcd9d2fe172622'},2021-12-05 19:51:16+00:00,5,1,11,0
24227629,Verstappen has been doing this kind of conniving $h!t since F3 days in 2014 and has got away with it EVERY time. I’m not a Lewis fan but I am SOOOOOO cross right now #SaudiArabianGP,{'place_id': '6ddc0f87f35ec116'},2021-12-05 19:32:54+00:00,0,0,2,0
2760293960,"With *M*A*S*H* on my feed it's time to remind everybody that Maxwell Q. Klinger is now and shall always be an icon. 

You may now go back to your revelries. https://t.co/u09HQvXJco",{'place_id': 'df7fd3a3b9eff7ee'},2021-12-05 19:15:38+00:00,0,0,1,0
1158500888,"@161lynn @ritustweets @DameJudithH @H_S_E Hi Lynn, sprinklers are at least 94% reliable and 99% efficient. They generally extinguish a fire or restrict spread to an area of not more than 4 sq. m. It is reasonable to assume that where sprinklers are installed, any fire that occurs will be confined to the room of origin.",{'place_id': '170fc17e15183819'},2021-12-05 18:37:15+00:00,0,1,0,0
1457708886,"I'm at H&amp;M in Jersey City, NJ https://t.co/WVZWvN6EgU","{'place_id': 'b046074b1030a44d', 'coordinates': {'type': 'Point', 'coordinates': [-74.03826753, 40.72781287]}}",2021-12-05 17:08:09+00:00,0,0,0,0
1454984551697113090,@JMA6191967 @SpiralFractal @H_MitchellPhoto This is why I'm independent. I'm not about to sit here and try to pass the buck on the parents. If they didn't get him the gun you honestly think it would be that difficult to get? Or who's to say he wouldn't just Stab people to death or blow up the school?,{'place_id': '1d9a5370a355ab0c'},2021-12-05 17:07:08+00:00,0,1,0,0
1243805183055925248,SARS 6 https://t.co/RlsqeDAwlU,{'place_id': '8cb67e5457853086'},2021-12-05 16:08:07+00:00,0,0,0,0
1327772146031005696,@els3io @gnont @ELSaYeD_MaHmuuD @suoOo_99 @byhahmd102 @m_any1 @EsraaElalfy19 @taha19093748 @AyaatMahmuod10 @d1212421589142a @MrBla_k @Moustafa_sha7at @h__a__s__n__a @Nancyy56789 @lsmailM8465 Follow me Turn on my notification and DM for a follow back ASAP ,{'place_id': '00611f1548c7bdef'},2021-12-05 15:40:46+00:00,0,0,1,0
14541872," (@ H&amp;M HOME in Pathum Wan, Bangkok) https://t.co/7rAmDolEWY https://t.co/E8GdvSbhNz","{'place_id': '00d26cc4400da18d', 'coordinates': {'type': 'Point', 'coordinates': [100.538539, 13.747586]}}",2021-12-05 14:24:42+00:00,0,1,5,0
240088141,@m_k_b_h Always fun going into enemy territory though and walking out with the win!,{'place_id': 'ac9b9070f6d17a9a'},2021-12-05 14:16:10+00:00,0,0,3,0
1175924214659829760,i wore that h&amp;m “do not disturb” shirt religiously in highschool,{'place_id': '01a9a39529b27f36'},2021-12-05 13:26:29+00:00,0,0,1,0
629765077,@blazercarl @MARK_H_DAVEY @JimmyP_______ @b166r33nhulk @thegordonkerr @RepThomasMassie most of my US friends also thought I was nuts to take the Amtrak train between Denver and Chicago (“we always fly or drive!”). I’m in no rush and you don’t see any scenery in an aeroplane!,{'place_id': '6e8ea5f6ac6dd9de'},2021-12-05 12:36:59+00:00,0,0,1,0
51729520,Just posted a photo @ H&amp;M HOME https://t.co/5wSqAxLFxt,"{'coordinates': {'type': 'Point', 'coordinates': [-0.14051, 51.51333]}, 'place_id': '457b4814b4240d87'}",2021-12-05 11:08:43+00:00,0,0,0,0
1075642195221405698,"H&amp;M's sizing guide has, UK new and UK old sizes. Is this due to Brexit? I really don't understand. https://t.co/hclnAY25zw",{'place_id': '6289e4bd1a3ef368'},2021-12-05 10:19:31+00:00,0,0,0,0
1440875233267773445,@realflyingkiwi @HChipNFT Cheers Pete it’s truly the best thing! H has always had epic taste in music and art so I’m extremely flattered tbh,{'place_id': '0073b76548e5984f'},2021-12-05 09:54:43+00:00,0,1,1,0
206982180,Hi  Smile x H&amp;M #smile #hmmalaysia #hm @ Plaza Merdeka Shopping Center https://t.co/YjKejvnnM1,"{'coordinates': {'type': 'Point', 'coordinates': [110.3441743, 1.55874287]}, 'place_id': 'c9250e46aa4bac0b'}",2021-12-05 09:30:48+00:00,0,0,0,0
305496068,"@artiemac50 @H_E_DubHockstik @senatorcharlie @Chris_V_C_M @BenShap38397553 @Danigirl65 @paulaptlb @RepThomasMassie Luke 11:22 But when someone stronger attacks and overpowers him, he takes away the armor in which the man trusted and divides up his plunder.",{'place_id': '0b30aadf406d13cc'},2021-12-05 08:29:24+00:00,0,2,26,0
1463610174346706944,Just left a stressful ass shift and I’m h***y,{'place_id': '5c62ffb0f0f3479d'},2021-12-05 08:29:23+00:00,0,1,2,1
1226612665465720832," ,    @ Dark  H&amp;M https://t.co/JAzCDAKIDh","{'coordinates': {'type': 'Point', 'coordinates': [100.53912, 13.747666]}, 'place_id': '00d26cc4400da18d'}",2021-12-05 08:29:22+00:00,0,0,0,0
1438902760485818372,"@Cam_Peoples6 I admire you Cam for letting ones know you have personal or injury issues. I taught high school players. Some struggled with academic , school and home issues. I helped many with emotional.  I'm sure our coaches have sports psych that you can chat with. 
h",{'place_id': 'fa2609437f549b51'},2021-12-05 05:29:18+00:00,0,1,3,0
217955219,"@H_MitchellPhoto @DrGJackBrown I'm old and I can remember when little boys used to get a BB or Pellet gun for Christmas. By the time said boy was 12, he was given a shotgun. But that was a loooong time ago. Nowadays, it's quite chilling. I don't miss those days of yore.",{'place_id': '484f13f6c61b96d0'},2021-12-05 04:52:02+00:00,0,0,0,0
953714506336632833,"“Just remember there’s a right way and a wrong way to do everything, and the wrong way is to keep trying to make everybody else do it the right way.” — Col. Potter, M*A*S*H",{'place_id': '300bcc6e23a88361'},2021-12-05 03:53:41+00:00,0,1,0,0
45482079,@H_vonn @wetlegband oh i have it—this work is just tremendous. and i'm seeing them this month!,{'place_id': '3b77caf94bfc81fe'},2021-12-05 03:50:13+00:00,0,1,0,0
1302999724434231303,Found this bucket hat in H&amp;M - it’s kind of giving me Hobi vibes  #BTSJHOPE https://t.co/hmAnMiJsg7,{'place_id': '01864a8a64df9dc4'},2021-12-05 03:19:51+00:00,0,0,2,0
913496781349994497,"@melodeev_h @28delayslater It’s extremely frustrating, and I’m still at 96",{'place_id': '00ca4a14249d9698'},2021-12-05 00:28:40+00:00,0,1,0,0
1359474005519069187,"GABRIEL, WE'VE GIVEN THEM ALL OUR LOVE AND MERCY. 
12/04/2021.  
7:05 - 7:10oo PMESTIT-VVV4,5,6
Then Come Emmanuel, Home
M. E. AND T.H.E.E./B ETERNITY https://t.co/Tg1OUIIg41",{'place_id': '73d1c1c11b675932'},2021-12-05 00:10:57+00:00,0,0,0,0
1359474005519069187,"GABRIEL, WE'VE GIVEN THEM ALL OUR LOVE AND MERCY. IT'S TIME TO CALL IT, LORD. ENOUGH IS ENOUGH.
#RocketRobinComesHomeEmmanuelII
12/04/2021.  
7:05 - 7:09 PMESTIT-VVV4,5,6
Then Come Emmanuel, Home
M. E. AND T.H.E.E./B ETERNITY https://t.co/Tg1OUIIg41",{'place_id': '73d1c1c11b675932'},2021-12-05 00:10:07+00:00,0,0,0,0
2923360537,"I’m sick  
And h word 

Send cuddles &amp; rubs!  https://t.co/NeWzDqIDIB",{'place_id': '1c69a67ad480e1b1'},2021-12-05 00:06:38+00:00,18,9,156,0
517921841,"I'm almost thru this book and i keep imagining @florencemachine as one of the main characters named Dulcie
https://t.co/O5XDUmlPBK",{'place_id': '27fbd5412c269208'},2021-12-04 22:31:04+00:00,0,0,0,0
221931303,"I'm discussing “Glory 2⃣ God Moment’s (2 Min share)” with Danielle Joseph Proph Dee and P. U. S. H .. Today, Dec 4 at 5:00 PM EST in @clubhouse. Join us! https://t.co/Z8a15pfyYa",{'place_id': '7202b2c7918d203e'},2021-12-04 21:57:24+00:00,0,0,0,0
229703401,"@SportsCenter I’m one of the coaches at Shorewood H.S. outside Seattle. In JV game Friday Dec. 3. trailing 39-38 with 3 seconds left, Lily Doll rebounds and outlets to Kaitlin Spadafora who hits the half court shot at the buzzer to beat Burlington-Edison 41-39! #SCtop10 https://t.co/FW6ZCOqU4I",{'place_id': '300bcc6e23a88361'},2021-12-04 21:54:33+00:00,0,0,3,0
1423225414957289472,"@SThesis @Trumpeteer14 My grandfather was a surgical technician in World War II in a M.A.S.H unit for three years, He was the greatest man I ever knew and mad props to any man or woman in the US Military-The baddest motherfuckers alive. God Bless U &amp; Ur’s https://t.co/g44Lb15gZm",{'place_id': 'a9eb1b07c3864593'},2021-12-04 20:49:08+00:00,1,0,3,0
23562316,"@trulyiconick I “conveniently,” forgot that an H&amp;M is near my gym ",{'place_id': '300bcc6e23a88361'},2021-12-04 19:34:45+00:00,0,1,1,0
906332395,@BillyBrownSongs @TrustTheDocUK @HannyaWhite @survibers_music @sueores @louise_toal @helefonix @sarahmcquaid @platinummind @tobisonics @horde_barbarian @somehappything @TheJoJoManBand @PrjctCONCUBINE @fendahlene @livekylie @morningsthief @PulsR_Music @DaveDarksSharks @birikitea @MuleleMatondo @Sons_OTD @KarmaSurround @roybakerjones @SaysSiddhartha @natureofwires @M_A_C_H_I_N_A_x @sunthievesmusic @NicEvennett @MarinaFlo @alienalarms @HannyaWhite and I will tag-team you in your dreams tonight Billy  https://t.co/eEc6nIo2dV,{'place_id': '723427e351a01e72'},2021-12-04 18:20:50+00:00,0,2,2,0
22263405,"They had to stop Meena with Hannah (who is unrecognized as an elite defender.) H on M opened up the lane for Emma. If M and E draw the two best defenders our other great shooting guards will light them up. This is a very good, well balanced team of shooters. https://t.co/WeD0d4Vaov",{'place_id': '01e0b1c656c5070f'},2021-12-04 18:12:41+00:00,0,0,1,1
2546907464,"@S_M_H_C @SBHockeyClub In many ways, to go unbeaten ALL season is very vulgar. Better to lose one and then win the rest.",{'place_id': '315b740b108481f6'},2021-12-04 18:10:31+00:00,0,0,2,0
906332395,"@louise_toal @sarahmcquaid @BillyBrownSongs @platinummind @trevasmusic @TrustTheDocUK @sueores @helefonix @tobisonics @horde_barbarian @somehappything @TheJoJoManBand @PrjctCONCUBINE @fendahlene @livekylie @morningsthief @PulsR_Music @DaveDarksSharks @birikitea @MuleleMatondo @Sons_OTD @KarmaSurround @roybakerjones @SaysSiddhartha @natureofwires @M_A_C_H_I_N_A_x @sunthievesmusic @HannyaWhite @NicEvennett @survibers_music @MarinaFlo @alienalarms Haha, brilliant GIF Louise!  I see your winking Paul and er raise you Ringo while I toss out your presents  https://t.co/hzYWz03oi7",{'place_id': '723427e351a01e72'},2021-12-04 17:42:03+00:00,0,1,4,0
906332395,"@sarahmcquaid @BillyBrownSongs @platinummind @trevasmusic @TrustTheDocUK @sueores @louise_toal @helefonix @tobisonics @horde_barbarian @somehappything @TheJoJoManBand @PrjctCONCUBINE @fendahlene @livekylie @morningsthief @PulsR_Music @DaveDarksSharks @birikitea @MuleleMatondo @Sons_OTD @KarmaSurround @roybakerjones @SaysSiddhartha @natureofwires @M_A_C_H_I_N_A_x @sunthievesmusic @HannyaWhite @NicEvennett @survibers_music @MarinaFlo @alienalarms Thanks so much btw! It was an amazing night. I'd had major surgery a few weeks before and could hardly walk but I NEVER cancel gigs, ever. The show must go on!  Well done on selling CDs to all who came to the gig  Here's a lil' clip from our gig! 1st time on the main stage! https://t.co/K5Pn48kast",{'place_id': '723427e351a01e72'},2021-12-04 17:39:42+00:00,0,1,6,0
906332395,@horde_barbarian @sarahmcquaid @TrustTheDocUK @BillyBrownSongs @platinummind @trevasmusic @sueores @louise_toal @helefonix @tobisonics @somehappything @TheJoJoManBand @PrjctCONCUBINE @fendahlene @livekylie @morningsthief @PulsR_Music @DaveDarksSharks @birikitea @MuleleMatondo @Sons_OTD @KarmaSurround @roybakerjones @SaysSiddhartha @natureofwires @M_A_C_H_I_N_A_x @sunthievesmusic @HannyaWhite @NicEvennett @survibers_music @MarinaFlo @alienalarms Hello The Barbarian Horde! I love yer name!  Barbarism begins at home as unruly boys and unruly girls all know! ,{'place_id': '7dde0febc9ef245b'},2021-12-04 17:13:59+00:00,0,0,2,0
906332395,@BillyBrownSongs @platinummind @sarahmcquaid @trevasmusic @TrustTheDocUK @sueores @louise_toal @helefonix @tobisonics @horde_barbarian @somehappything @TheJoJoManBand @PrjctCONCUBINE @fendahlene @livekylie @morningsthief @PulsR_Music @DaveDarksSharks @birikitea @MuleleMatondo @Sons_OTD @KarmaSurround @roybakerjones @SaysSiddhartha @natureofwires @M_A_C_H_I_N_A_x @sunthievesmusic @HannyaWhite @NicEvennett @survibers_music @MarinaFlo @alienalarms All present and correct!  https://t.co/Bqqb2eeTKo,{'place_id': '7dde0febc9ef245b'},2021-12-04 17:06:47+00:00,0,3,6,0
187858907,Channelling Kendal Roy today. @ H&amp;M https://t.co/xvMsTHzpN9,"{'coordinates': {'type': 'Point', 'coordinates': [-4.2534613, 55.8628743]}, 'place_id': '791e00bcadc4615f'}",2021-12-04 16:30:43+00:00,0,0,1,0
906332395,@BillyBrownSongs @TrustTheDocUK @sueores @louise_toal @helefonix @sarahmcquaid @platinummind @tobisonics @horde_barbarian @somehappything @TheJoJoManBand @PrjctCONCUBINE @fendahlene @livekylie @morningsthief @PulsR_Music @DaveDarksSharks @birikitea @MuleleMatondo @Sons_OTD @KarmaSurround @roybakerjones @SaysSiddhartha @natureofwires @M_A_C_H_I_N_A_x @sunthievesmusic @HannyaWhite @NicEvennett @survibers_music @MarinaFlo @alienalarms Said no one ever (until now)  If you told anyone who knows me I was early they'd assume I'd been abducted and replaced with an imposter ,{'place_id': '7dde0febc9ef245b'},2021-12-04 16:10:32+00:00,0,1,4,0
879708478687793153,H&amp;M HOME https://t.co/uM6CK8cFIG,{'place_id': '10f8320a9256a000'},2021-12-04 16:10:14+00:00,0,1,1,0
1191110054667264000,They’re playing like skrillex in here or sthg I feel like I’m at H&amp;M https://t.co/u4UfveEmjJ,{'place_id': '67b98f17fdcf20be'},2021-12-04 15:48:15+00:00,2,0,17,0
268074068,"Between Campus Martius, H&amp;M and Lululemon, Dan Gilbert has created a safe space for whites. https://t.co/kO8nOPomOJ",{'place_id': '339bd7ae6a55ba9f'},2021-12-04 15:27:03+00:00,0,0,0,0
1071361068,"I’m a big fan of this Acyl-CoA transferase assay I developed with Nick Bonowitz. Makes doing kinetic analyses fast, and it’s easy to change conditions on the fly. Generated a 12-point curve for Km and v-max in 2 h! https://t.co/vxOtYhTJ9r",{'place_id': '7dc5c6d3bfb10ccc'},2021-12-04 14:32:12+00:00,0,1,0,0
884702335552937984,"A BREATH OF FRESH AIR
In memory of
Jane Postles
01/05/1954 - 26/10/2007
Donated by family, friends and colleagues of M.D.G.H

https://t.co/SELfdjFx2y
CC BY-SA 4.0
℅ @sjorford https://t.co/kBduflAcnE","{'place_id': '72606cdcf2847dd4', 'coordinates': {'type': 'Point', 'coordinates': [-2.140175, 53.26172]}}",2021-12-04 14:09:54+00:00,0,0,0,0
1435041813849681923,"@AlexTai2781 The Harkle Circus is still playing! H&amp;M like to write ""Dear Daddy"" letters, plant them in the press &amp; sue the paper for selling them!? Is this a copy right issue? SUE MEGXIT HARKLE",{'place_id': 'bc3a38d3d5999b4b'},2021-12-04 14:03:32+00:00,0,0,2,0
353032173,"Photos of H.E Prof. Khalid bin Ibrahim Al-Sulaiti, G.M of #Katara, welcoming the #First_Lady of the Republic of #Poland Her Excellency Mrs. Agata Kornhauser-Doda, and the accompanying delegation at Katara

@PLinQatar
#Katara_traditional_dhows_festival
#DCCIW2021
@Ndqatar
#QND2021 https://t.co/zKva79tYh7",{'place_id': '0181f32937df0de8'},2021-12-04 13:40:22+00:00,1,1,4,1
353032173,"H.E Prof. Khalid bin Ibrahim Al-Sulaiti, G.M of #Katara and the First Lady of the Republic of #Poland, Her Excellency Mrs. Agata Kornhauser-Doda, exchanging souvenirs

@PLinQatar
#Katara_traditional_dhows_festival
#DCCIW2021
@qicgroup @qic_online
@Ndqatar
#QND2021 https://t.co/g2spk9Iohi",{'place_id': '0181f32937df0de8'},2021-12-04 13:27:31+00:00,0,0,1,0
24933826,"@nigelwalsh @jenny__watts @magicveronique @rl_chris_higham @JoeCMerriman @LeeBrookePearc3 @Paul_GreyKnight @chrisc99 @BillyJura @barbmaclean @jbillers @davidrkirk_ @goforsergei @andrewthornley @MsRMerry @mikestanley88 @EmmaAnnJohnston @btrsofficial @Marged @bshrivastav @Jo_R_H @Katherine_Coach @AliPaterson @jvthing @MYZONEmoves @Nick_kerigan @LedaGlyptis @finteched @InsuranceEleph1 @whoop @GoZwift @iamsymsie @edgaze @ZoeAnstey @Zinnia1111 @Donna_Scully @Fegan @SarahGoodall @alan_hickman @kateterry @Nick_Lamparelli @MoizDaw @ChristinaDove7 @tvw71 @onepeloton @Strava @YoungMindsUK @fintechf We’re (to all intents and purposes) under curfew here, the weather is proper miserable, and I’m balancing trying not to get fat with trying not to get Covid before my holiday. So it felt good to find a way to feel the burn again.",{'place_id': '99cdab25eddd6bce'},2021-12-04 13:25:21+00:00,0,1,5,0
3318349777,"@15rosieposie @toriaa_h @tjs004t @byQueenVic Good God, when did EarthShot Prize become a TV program?  Are you so dense that you don't know what it was all about or you can't be bothered to find out? Also W&amp;C have done podcasts way before #6 and wife. It's H&amp;M who are always copying W&amp;C &amp; failing at it.",{'place_id': '173c2bb9d42baaa5'},2021-12-04 13:25:01+00:00,0,1,2,0
328455666,H&amp;M can go head and refund me cus Ik my coat not gone be here now i gotta order some else I’m pissed,{'place_id': '73d1c1c11b675932'},2021-12-04 11:57:52+00:00,0,1,0,0
1193373275339948033,@Andre1Magora H&amp;M greenbelt right,{'place_id': '005de1fe214f002d'},2021-12-04 10:42:20+00:00,0,0,0,0
3942716174,"   .       .
.
.
.
#peace #peaceout #hnm #oneplus #shotononeplus @ H&amp;M https://t.co/L0p1rTTRTO","{'coordinates': {'type': 'Point', 'coordinates': [81.013329, 26.809733]}, 'place_id': '74effb34539b2d64'}",2021-12-04 09:21:27+00:00,0,0,0,0
336721689,@broidrage @saba_h I’m 48 female. Should I watch?  My daughter is 15 and is reluctant.,{'place_id': '4db990e393c2e28b'},2021-12-04 07:11:31+00:00,0,1,0,0
1284872235971252225,"Congratulations to @FinlandinIndia , H.E. Mrs. @AmbKoukkuRonde on National Day of our most loving and vibrant country Finland. 
We are hoping to see tremendous growth in cultural relationship.   
@M_Lekhi @shimadrish @MinOfCultureGoI https://t.co/3xcDexVcZz",{'place_id': '2e6064382c71b343'},2021-12-04 05:15:09+00:00,2,0,7,0
32270247,H&amp;M stands for “Hit &amp; Miss” because sometimes I find some cute shit &amp; sometimes I don’t.,{'place_id': '1c69a67ad480e1b1'},2021-12-04 04:27:08+00:00,1,0,1,0
1187439307063099392,"@theroyaleditor By doing what they do - much of it likely to stay in the spotlight of public attention - these two have ensured they will always be pursued by the press, possibly to levels even they won’t be able to bear. Tiger by the tail much, H&amp;M?",{'place_id': '366d0c6807f583a3'},2021-12-04 03:32:49+00:00,0,0,0,0
1397371047159140353,Oh No Help Me……My mouth Is Watering And I’m H Word As Fuck….,{'place_id': '00a4bbcc0dcd7572'},2021-12-04 03:14:37+00:00,0,2,7,0
1214281899448791040,I drunk (re: h word) bought @halloimjake a gift last week and I’m kinda sad it didn’t get here in time for his birthday today.,{'place_id': '01fbe706f872cb32'},2021-12-04 03:10:41+00:00,0,4,25,0
1092134361787318272,@cbouzy @isexton You know she found that word on google and used it to make it sound like she has “real dirt” on you and H&amp;M.,{'place_id': '36ac79e68ace76e4'},2021-12-04 02:15:36+00:00,1,0,8,0
1173878786808410112,"Designer: @tylonreyes 
Model: @rebeccafaithlawson 
: @qnaomy 
H&amp;M : @luiema84
Products: @paulmitchell @paulmitchellpro @ Stylus By Luis Rivera https://t.co/Az6doQbltW","{'coordinates': {'type': 'Point', 'coordinates': [-81.379396, 28.664389]}, 'place_id': 'e40595796da14879'}",2021-12-04 02:14:39+00:00,0,0,0,0
269124267,I’m so ready for this weekend to do a whole lot of n o t h i n g and long gym visits,{'place_id': '6a0a3474d8c5113c'},2021-12-04 01:34:39+00:00,0,1,0,1
1025613783954120705,"Ontario H&amp;S distributing disinfectant spray for employees on the M, Afternoon and Twi sort - protect yourself from COVID disinfect frequently touched surfaces @LouisTovalin @melirere @hrbobbyups @GregPietrek @JamesDigrazia @KyleHenryGetSUM @GregZthatsme https://t.co/DjkZjjKvfP",{'place_id': '895f19a3c08d3d35'},2021-12-03 23:41:05+00:00,2,1,17,0
56601859,A game of H-O-R-S-E but it’s A-N-T-I-D-I-S-E-S-T-A-B-L-I-S-H-M-E-N-T-A-R-I-A-N-I-S-M.,{'place_id': '01f9c9fd7bb1aa6b'},2021-12-03 21:56:14+00:00,0,0,7,0
251168531,Hey Hastings. @hanischbakery is now available at M+H Gas Station!!  Delivered Fresh Tuesday thru Saturday!!  We look forward to bringing Fresh Bakery Treats to Hastings and the surrounding area!! #mnbestbakery #mnbestdonuts #mnbest #bestriverroadbakery #tcltop5bakerymn #bunman https://t.co/9S00Kxb4aI,{'place_id': '270470435acc23d0'},2021-12-03 21:17:12+00:00,0,2,9,0
221931303,"I'm discussing “ Stand Up Kings Movement (Kings Only) 2min share” with @MasterMathura, @DeonteBolden, @theartistnil, @speaklife2day, and P. U. S. H .. Today, Dec 3 at 5:00 PM EST in @clubhouse. Join us! https://t.co/5wVDMoD3k4",{'place_id': '9902fe95fc7596a7'},2021-12-03 21:03:27+00:00,0,0,0,0
1465682686522150924,"And Al-Radefah shall strike in a different place. As for planet Saqar its coming is inevitable and it is not going to hit the Earth but will pass in its sky.
Imam Nasser Mohammed Al-Yamani
14-10-2021

86
#Torment_Planet_Has_Neared
 Omicron
M!h%=5",{'place_id': '003872c161e87879'},2021-12-03 19:51:39+00:00,14,0,2,0
1296183658655682560,The H&amp;M at the Harbor is closing in January  the memories I have from working there,{'place_id': 'c0b8e8dc81930292'},2021-12-03 19:50:28+00:00,0,0,3,0
109746291,@AIOrwWflr0PZGPf @h_m_0_d313 the foto of your c head is making me crazy... yum yum,{'place_id': 'e7c2259ef9dafe62'},2021-12-03 19:48:24+00:00,0,0,0,0
761204034132930560,Lovely buzz in Theatre M today with @ucddublin first-year film students presenting their double-bill screening projects. Brilliant programming ideas matched with great  distribution plans @Grainne_H @DublinFilmFest &amp; guests @charlenelydon @LightHouseD7 and Alex from UCDFilmSoc https://t.co/SRXbiAeBay,{'place_id': '7dde0febc9ef245b'},2021-12-03 19:46:20+00:00,5,0,21,1
77924979,I'd like to see all these Scottsdale youngsters running around in their H&amp;M jeans with an over-sized t-shirt and their Bass Pro Shop hats tie a fish hook.,{'place_id': '0a0de7bd49ef942d'},2021-12-03 19:09:38+00:00,0,0,4,0
1262930310557249538,First day on the new job! #SalesAdvisor for H&amp;M  thanks God! https://t.co/dgbhExKvyB,{'place_id': 'fa5bd676191716ee'},2021-12-03 18:08:57+00:00,0,1,2,0
54471736,"And I'm surrounded by
A million people I..
Still feel alone
And I wanna go home
Oh, I Miss You, you know  @ H&amp;M HOME https://t.co/bZIsAP1ipU","{'place_id': '00d26cc4400da18d', 'coordinates': {'type': 'Point', 'coordinates': [100.53900244, 13.74688798]}}",2021-12-03 16:17:50+00:00,0,0,0,0
15110689,@saffrontrail H&amp;M are soft and light but don’t last long. Adidas originals are very good but hard to find collection,{'place_id': '5f55bb82cf16ac81'},2021-12-03 15:31:32+00:00,0,0,1,0
4170078273,@Daily_Express what a load of tripe!  I must assume H&amp;M dreamed that up.  Certainly untrue like they are.,{'place_id': '7dda05213481260c'},2021-12-03 14:55:05+00:00,0,2,2,0
314340920,@thomanderson1 @ChrisSpencerFL @PeterSchorschFL Hi I'm THOM with an H and I talk shit,{'place_id': '407b2c699286aab5'},2021-12-03 14:28:49+00:00,0,0,0,0
27257195,"@KhetheloNgwane @sheryllowenthal @Puseclint @PhumlaniMMajozi @MYANC OK...racists and xenophobes. Their anti-Indian and anti-White rhetoric is there for all to see. 
Gangsters/Thieves-stealing from VBS. Looting Clicks and H&amp;M stores. This type of behaviour is like the old SA in Nazi Germany.",{'place_id': '0af014accd6f6e99'},2021-12-03 13:45:06+00:00,0,1,1,0
3091864599,#Rubbish #Removal #Swindon See this post by T.M.H Removals Swindon Man and Van on Google: https://t.co/3Oj7ojna1Q,{'place_id': '17cc57fae415c45e'},2021-12-03 13:43:00+00:00,0,0,0,0
159113248,"Hey @CSimmsQB you mentioned the other day that Baker sometimes throws it 140 instead 100 m/h, and that is an issue, can you be more specific, on how is that an issue and is that causing few drops each game?",{'place_id': '7dc97830ee71b3cb'},2021-12-03 13:22:53+00:00,0,0,0,0
1267710116310155264,"Y h m 

8 YEARS OF ISHRA",{'place_id': 'b850c1bfd38f30e0'},2021-12-03 13:22:37+00:00,8,0,2,0
955527037997010944,"V a c h e r i n • M o n t • D ‘ o r

Perfect way to start your meal on a cold winters night! Perfectly in season this time of year, the mighty Vacherin Mont D’or. A splash of white wine some garlic and thyme and warm petit pain. 

We love it!

Book your table now! - LINK IN BIO https://t.co/AJOtnfsIIQ",{'place_id': '53b67b1d1cc81a51'},2021-12-03 12:11:44+00:00,1,0,4,0
3312536808,H and M has greats sweaters and they are not too expensive so you know buy from there https://t.co/hc00QU9T3s,{'place_id': '0033b59d59056043'},2021-12-03 11:51:48+00:00,0,1,2,0
274444180, shopping in H&amp;M.. https://t.co/WYZD6efJyk,{'place_id': '7257885c03987f56'},2021-12-03 10:45:36+00:00,0,0,1,0
21922445,Just looked at @handm plus size dress range and all I can think is that it's bloody ugly and there's almost nothing that's not loose and just up and down!!! It's disgusting may as well wear bin bags #PlusSizeFashion #plussizedeservesbetter,{'place_id': '38d05a66be6d4ee1'},2021-12-03 10:22:19+00:00,0,0,0,0
1306357428792053762,"yesterday I shut my thumb in a car door, it’s bruised swollen and pretty painful. 

H’ever when ppl ask what happened I tell them but I feel like I’m lying and covering up domestic abuse- like I did years ago. 

will it ever change? Confusing to feel this way 
#DomesticAbuse",{'place_id': '7ccf7ba8ffbea146'},2021-12-03 10:15:16+00:00,0,1,2,0
114354057,"H&amp;M End of Season Sale is here, shop all your fashion needs with discount up to 50% in-store and at https://t.co/6Er8aYm19P #HMIndonesia
#skpromotion @ Supermal Karawaci https://t.co/hvAyfVryQW","{'coordinates': {'type': 'Point', 'coordinates': [106.60675601, -6.2275609]}, 'place_id': '1d982263cb72d996'}",2021-12-03 09:59:29+00:00,0,0,0,0
937403965549015041,Soulja Boy - H.M.L (Official Video) https://t.co/ETnJuZKA4l via @YouTube,{'place_id': '011add077f4d2da3'},2021-12-03 08:45:25+00:00,0,0,0,0
1357305469,To find out more come and speak to us at H&amp;M on Thursdays 3.30-7 or email youth@escapearts.org.uk #BestWarwickshire #youthworkchangeslives #stratfordyouth #youthclub #childfriendlywarwickshire  #bellcourtstratford #stratforduponavon,{'place_id': '208ca24b396fb81b'},2021-12-03 08:24:12+00:00,0,0,0,0
1357305469,"Great session yesterday met loads of great young people &amp; word is getting around that at the H&amp;M building in @BellCourtLife we are working with @lifespacetrust and @Warwickshire_CC to create a vibrant, professional Youth &amp; Community venue, led and directed by young people https://t.co/qbTtrPL47l",{'place_id': '208ca24b396fb81b'},2021-12-03 08:22:24+00:00,0,1,5,1
1128923529460748289,@trekwest @BougheyGillian @fleurr_youandi @ajaynemusic @littleloremusic @VanPlating @M_A_C_H_I_N_A_x @LynMusician Chris you are a great supporter of  music. You have so generously bought my output a couple of weeks ago. It helps and it matters. Thank you and thank you again xxxx,{'place_id': '5e7737e30a23d4ba'},2021-12-03 08:21:36+00:00,0,0,5,0
873790927,"@praise_mwesiga @srhrselfsurvey @SRHMJournal @SRHRforAll @patsewa @BwireMose @phionamorrow @CWYouthHealth @SwedeninUG @nankunda20 @norah_nunu ""At the same time, it is also critical to recognize the impact this engagement can have on empowering youth and leading to better SRHR outcome for our community"" D.H.M explained. #KaramojaYouthCamp21 https://t.co/3WJ6immnfY",{'place_id': '07d9d59205886001'},2021-12-03 07:21:12+00:00,1,0,4,0
87436806,@thlakane H&amp;M is most likely to have,{'place_id': 'd0848b8367022de8'},2021-12-03 07:05:17+00:00,0,1,1,0
2938080543,"Earlier yesterday, the Moroto High School's Deputy H/M welcomed all the campers and appreciate us (@uyahf1) for organizing the #KaramojaYouthCamp21 on SRHR | Gender Equality | Life Skills and Leadership. 
@UNFPAUganda @MarieStopesUg https://t.co/2neFnvhTId",{'place_id': '093bd5dca7d40000'},2021-12-03 06:37:57+00:00,6,0,15,2
1423494112137777152,A father is neither and anchor to hold us back  nor a sail to take us there but a guiding light whose love shows the way . Aur ish chiz m @daboomalik sir bilkul sahi h thankyou sir making ArmaanMalik and AmaalMalik Sir like gem which always support us and make us proud https://t.co/yOItVx2vJy,{'place_id': '22aecab5acddee3b'},2021-12-03 06:25:02+00:00,0,0,1,0
896435272300277760,Yes I shop at urban outfitters and H&amp;M and yes I only do because they cater their mens sectiok to XS skinny cigarette smoking mfers fit me perfect ,{'place_id': 'e4a0d228eb6be76b'},2021-12-03 05:59:40+00:00,1,0,5,0
18974921,Autocorrect thinks j&amp;j should be H&amp;M,"{'place_id': '5a110d312052166f', 'coordinates': {'type': 'Point', 'coordinates': [-122.41961, 37.76843383]}}",2021-12-03 05:07:23+00:00,0,0,0,0
22428724,SHE WAS THE GOD DAMN A R C H M A G E  O F  A N T I Q U I T Y YALL. OH MY FUCKING SWEET CHRIST IM LOSING IY THIS IS SO MUCH BETTER THAN OUR FAN THEORIES #CriticalRole #CriticalRoleSpoilers,{'place_id': 'd049033410e9e81b'},2021-12-03 04:17:47+00:00,0,0,5,0
1351762048800092160,If my PacSun &amp; H&amp;M orders would ship already that’d be great ,{'place_id': '1fff770504a7d5a5'},2021-12-03 04:17:06+00:00,0,0,0,1
3255885540,"@rodgrisier1958 @CBKimbrell @Badgerswimr Like I said, I’m probably dreaming and wrong and up $h!t crick. I haven’t bought any yet.",{'place_id': '34e3a230535e4695'},2021-12-03 03:12:39+00:00,0,1,0,0
324727906,"@TheeMogulLife @SHEIN_official Well get ready cuz they medium gagged me I was like this not the same medium I get in the H&amp;M,DTLR &amp; etc",{'place_id': 'e4a0d228eb6be76b'},2021-12-03 02:31:38+00:00,0,1,0,0
774079735626358788,I’m at H‑E‑B and…wth is this? Like what else is in there???? https://t.co/DaGji9bFjE,{'place_id': '1c69a67ad480e1b1'},2021-12-03 01:51:29+00:00,2,0,1,0
1262579207420260352,@ronnelmisagal i think wala po akong h&amp;m bershka nike,{'place_id': '0026d04019d32893'},2021-12-03 01:26:44+00:00,0,0,0,0
706650132096413696,"From the slums of shaolin, Wu-Tang Clan strikes again! The RZA, the GZA, Ol’Dirty Bastard, Inspectah Deck, Raekwon the Chef, U-God, Ghostface Killah and M-E-T-H-O-D MAN!!!! https://t.co/1AJlWQTMYb",{'place_id': 'ecbe2aea853af44e'},2021-12-03 00:51:53+00:00,0,0,2,0
33227245,i feel like i’ve been less h**** on here and i’m sorry and i’ll make it up to you all,{'place_id': '01fbe706f872cb32'},2021-12-03 00:17:36+00:00,0,1,61,0
2396463103,"Congrats to Zach B., Abby H., and Tim V. for passing their Adobe Illustrator 2020 certification exam!  I’m so proud of you! @NISDTaft @NISD_CTE @NISD #certifiedRaider  #NISDreunited #RaiderPride #NISDsuperiorCTE https://t.co/03g6HZvb7l",{'place_id': '3df4f427b5a60fea'},2021-12-02 22:55:20+00:00,0,0,1,0
1357305469,"It’s beginning to look a lot like a youth club! 
Great session, word is getting around that from the H&amp;M building we will be working with @lifespacetrust &amp; @Warwickshire_CC to create a vibrant, profession youth &amp; community space @BellCourtLife https://t.co/VXUjLcA7Ab",{'place_id': '208ca24b396fb81b'},2021-12-02 22:21:11+00:00,3,0,4,0
1224258704981352449,@BrodHiggins Our dog doesn't need cooking just demands H-A-M and sits under the fridge waiting for it.,{'place_id': '7dde0febc9ef245b'},2021-12-02 22:12:43+00:00,0,0,1,0
49942373,"@M_A_C_H_I_N_A_x Snow is wonderful in small doses.
Just enough for some sparkling magic  and frozen mists! Transforms rural landscapes into the stuff of fairytales. 
",{'place_id': 'e59069aafae0aa25'},2021-12-02 21:38:32+00:00,0,1,1,0
902836997760454656,@GreatAuntGabe @DefundBBC @according2_taz No one was allowed to see the final cut before it aired including the people who participated. However they were all invited to participate and share their POV. M and H chose to send their lawyer to speak on their behalf. The rest of the royals chose to send a statement,{'place_id': 'e564d30dc173d2a8'},2021-12-02 20:05:21+00:00,0,1,1,0
1147506810645110785,"Kept the Galleria open till 10 for you and your friends, you know how I spend when I’m in H O U S T O N",{'place_id': 'e0060cda70f5f341'},2021-12-02 19:04:06+00:00,0,0,1,0
1019969312688365569,"F A M I L Y  N I G H T
Join us on Monday, 12/6 from 6:30-7:30PM as we decorate ornaments and luminaries in memory of our loved ones. Snacks and hot cocoa will be provided. Please RSVP to save your spot! 940-627-1618 or britt@wiseccc.org
#FamilyNight #WiseCCC #JennysHope https://t.co/3hzm0ZHtBG",{'place_id': '3bfe3425dc65ccfa'},2021-12-02 17:40:24+00:00,0,0,0,0
1405979473980366850,"See! He understands the ASSignment!! #menpostmorelikethis This tho! Man, y'all stop playing and #F_o_l_l_o_w__H_i_m @J3__sus https://t.co/BYTUDtNmms",{'place_id': '339bd7ae6a55ba9f'},2021-12-02 17:36:56+00:00,0,0,1,0
1309128417099632640,"@imPatrickT @pal2tech Ahhh for some reason 50mbps is locked out for me, maybe cuz I'm using H.265! I'll try using 100mbps tho! I've been using Eterna and just adjusting shadows + highlights in post! Maybe I should create my own film sim profile too tho! Might make workflow faster! Thanks Patrick! ",{'place_id': '48ad377ff2ff9e51'},2021-12-02 17:33:24+00:00,0,1,1,0
1405979473980366850,"This tho! Man, y'all stop playing and #F_o_l_l_o_w__H_i_m @rellvrs https://t.co/vHFz8seT5y",{'place_id': '339bd7ae6a55ba9f'},2021-12-02 17:24:25+00:00,0,1,2,0
3318349777,@DailyMailUK He has turned out to be a real awful person. He has threatened W&amp;C with physical violence. Why hasn't @TwitterSafety taken any action? Also he's only biased towards H&amp;M because they're indirectly supporting having a republic by disgracing the RF. Why can't @BBC see that?,{'place_id': '173c2bb9d42baaa5'},2021-12-02 16:03:46+00:00,0,0,8,0
328455666,H&amp;M trying my time with this coat them hoes gone need to run me a credit,{'place_id': '73d1c1c11b675932'},2021-12-02 15:46:25+00:00,0,0,0,0
54471736,"Let me go home...
I'm just too far ... From where you are ... I wanna come home 
#BeGoodToMeDecember @ H&amp;M HOME https://t.co/clAm6Wj7BB","{'coordinates': {'type': 'Point', 'coordinates': [100.53900244, 13.74688798]}, 'place_id': '00d26cc4400da18d'}",2021-12-02 15:16:19+00:00,0,0,0,0
42297103,@lynbarc @danwootton It was said to H who told M and yes she did bring it up for H then to agree,{'place_id': '50f2d0272381533f'},2021-12-02 12:49:42+00:00,0,1,0,0
1083400290148077568,"@mayaveeee Sabse pehle toh DU IS A SCAM
Stay away please...I'm currently studying econ at Miranda and ew.
Also,yeh DU ka harr saal ka h,lekin Du also likes to be spontaneous ",{'place_id': '2e6064382c71b343'},2021-12-02 12:41:48+00:00,0,1,2,0
1021840066790993920,"@Snip3r_H @SemeloMadlavo @robertmarawa Even if they vote they would vote for European players..  I'm sick and tired of these people pulling race card, but they don't vote for African players.",{'place_id': 'dd9c0d7d7e07eb49'},2021-12-02 12:26:13+00:00,0,0,0,0
1223089539046170624,"The Obamas, K. Harris, M. Waters, Al Sharp, H. Jeffries, R. Martin,  S. Abrams, B. Rush, and on and on. These are great examples of ""Black faces in high places"" whom enforce white supremacy. #heard https://t.co/Js7R4IkZEZ",{'place_id': '5b8df26e6d0be60b'},2021-12-02 12:05:38+00:00,1,0,2,0
